,count,mean,std,min,25%,50%,75%,max
age,662440.0,26.61540818791136,5.153162178267415,18.0,22.0,27.0,31.0,35.0
daily_screen_time_hours,595515.0,7.640865487855051,2.7214463516755325,0.5,5.48,7.77,9.84,15.0
social_media_hours,557374.0,2.4710382077384314,1.3161371010017495,0.0,1.45,2.31,3.37,8.0
gaming_hours,564548.0,1.4592647215117225,0.9345517121854447,0.0,0.7,1.33,2.09,4.0
work_study_hours,639851.0,2.3669709041636255,1.2587967425424265,0.0,1.36,2.2,3.2,6.0
sleep_hours,646889.0,6.804334097503589,1.2345120561264709,4.5,5.78,6.8,7.87,9.0
notifications_per_day,623785.0,145.89489968498762,65.91755632226824,20.0,93.0,150.0,204.0,250.0
app_opens_per_day,610659.0,102.63678092028448,48.09397048504095,15.0,64.0,104.0,145.0,180.0
weekend_screen_time,579306.0,9.479866442778084,2.85600551458391,0.51,7.28,9.58,11.75,17.56
